"Name","Email"
"Suhas","Suhas Ghodake"
"Suhas","Suhas Ghodake"
"Suhas","Suhas Ghodake"
"Suhas","Suhas Ghodake"
"Suhas","Suhas Ghodake"
"Suhas","Suhas Ghodake"
"Suhas","Suhas Ghodake"
"Suhas","Suhas Ghodake"
"Suhas","Suhas Ghodake"
"Suhas","Suhas Ghodake"
"Suhas","Suhas Ghodake"
"Suhas","Suhas Ghodake"
"Suhas","Suhas Ghodake"
"Suhas","Suhas Ghodake"
"Suhas","Suhas Ghodake"
"Suhas","Suhas Ghodake"
"Suhas","Suhas Ghodake"
"Suhas","Suhas Ghodake"
"Suhas","Suhas Ghodake"
"Suhas","Suhas Ghodake"
"Suhas","Suhas Ghodake"
"Suhas","Suhas Ghodake"
"Suhas","Suhas Ghodake"
"Suhas","Suhas Ghodake"
"Suhas","Suhas Ghodake"
"Suhas","Suhas Ghodake"
"Suhas","Suhas Ghodake"
"Suhas","Suhas Ghodake"
"Suhas","Suhas Ghodake"
"Suhas","Suhas Ghodake"
"Suhas","Suhas Ghodake"
"Suhas","Suhas Ghodake"
"Suhas","Suhas Ghodake"
"Suhas","Suhas Ghodake"
"Suhas","Suhas Ghodake"
"Suhas","Suhas Ghodake"
"Suhas","Suhas Ghodake"
"Suhas","Suhas Ghodake"
"Suhas","Suhas Ghodake"
"Suhas","Suhas Ghodake"
"Suhas","Suhas Ghodake"
"Suhas","Suhas Ghodake"
"Suhas","Suhas Ghodake"
"Suhas","Suhas Ghodake"
"Suhas","Suhas Ghodake"
"Suhas","Suhas Ghodake"
"Suhas","Suhas Ghodake"
"Suhas","Suhas Ghodake"
"Suhas","Suhas Ghodake"
"Suhas","Suhas Ghodake"
"Suhas","Suhas Ghodake"
"Suhas","Suhas Ghodake"
"Suhas","Suhas Ghodake"
"Suhas","Suhas Ghodake"
"Suhas","Suhas Ghodake"
"Suhas","Suhas Ghodake"
"Suhas","Suhas Ghodake"
"Suhas","Suhas Ghodake"
"Suhas","Suhas Ghodake"
"Suhas","Suhas Ghodake"
"Suhas","Suhas Ghodake"
"Suhas","Suhas Ghodake"
"Suhas","Suhas Ghodake"
"Suhas","Suhas Ghodake"
"Suhas","Suhas Ghodake"
"Suhas","Suhas Ghodake"
"Suhas","Suhas Ghodake"
"Suhas","Suhas Ghodake"
"Suhas","Suhas Ghodake"
"Suhas","Suhas Ghodake"
"Suhas","Suhas Ghodake"
"Suhas","Suhas Ghodake"
"Suhas","Suhas Ghodake"
"Suhas","Suhas Ghodake"
"Suhas","Suhas Ghodake"
"Suhas","Suhas Ghodake"
"Suhas","Suhas Ghodake"
"Suhas","Suhas Ghodake"
"Suhas","Suhas Ghodake"
"Suhas","Suhas Ghodake"
"Suhas","Suhas Ghodake"
"Suhas","Suhas Ghodake"
"Suhas","Suhas Ghodake"
"Suhas","Suhas Ghodake"
"Suhas","Suhas Ghodake"
"Suhas","Suhas Ghodake"
"Suhas","Suhas Ghodake"
"Suhas","Suhas Ghodake"
"Suhas","Suhas Ghodake"
"Suhas","Suhas Ghodake"
"Suhas","Suhas Ghodake"
"Suhas","Suhas Ghodake"
"Suhas","Suhas Ghodake"
"Suhas","Suhas Ghodake"
"Suhas","Suhas Ghodake"
"Suhas","Suhas Ghodake"
"Suhas","Suhas Ghodake"
"Suhas","Suhas Ghodake"
"Suhas","Suhas Ghodake"
"Suhas","Suhas Ghodake"
"Suhas","Suhas Ghodake"
